Workbook

Sheet Cr_FTC_4 (2)
A1: title | B1: = | C1: dataset Cr_FTC
A2: variables | B2: = | C2: x | D2: y | E2: z | F2: 52cro4-fe+2c | G2: 53cro4-fe+2c | H2: 0.51
G3: Total Stage 2 (mol/L H20/day) | H3: Total Stage 2 (mol/L bulk/day) | I3: Ratio Stage 1/Stage 2
B4: 0 | C4: 0 | D4: 0 | E4: -0.01647139 | F4: -0.001864896 | G4: =SUM(E4:F4) -> -0.018336286 | H4: =G4*$H$2 -> -0.0093515059 | I4: =Cr_FTC_4!O4/'Cr_FTC_4 (2)'!H4 -> 0.00035705251 | J4: =D4*100 -> 0
B5: 0 | C5: 0 | D5: 0.001 | E5: -0.01996859 | F5: -0.002260855 | G5: =SUM(E5:F5) -> -0.022229445 | H5: =G5*$H$2 -> -0.011337017 | I5: =Cr_FTC_4!O5/'Cr_FTC_4 (2)'!H5 -> 0.0011298522 | J5: =D5*100 -> 0.1
B6: 0 | C6: 0 | D6: 0.002 | E6: -0.02118901 | F6: -0.002399037 | G6: =SUM(E6:F6) -> -0.023588047 | H6: =G6*$H$2 -> -0.012029904 | I6: =Cr_FTC_4!O6/'Cr_FTC_4 (2)'!H6 -> 0.0013361525 | J6: =D6*100 -> 0.2
B7: 0 | C7: 0 | D7: 0.003 | E7: -0.02178121 | F7: -0.002466092 | G7: =SUM(E7:F7) -> -0.024247302 | H7: =G7*$H$2 -> -0.012366124 | I7: =Cr_FTC_4!O7/'Cr_FTC_4 (2)'!H7 -> 0.0013164356 | J7: =D7*100 -> 0.3
B8: 0 | C8: 0 | D8: 0.004 | E8: -0.02218962 | F8: -0.002512339 | G8: =SUM(E8:F8) -> -0.024701959 | H8: =G8*$H$2 -> -0.012597999 | I8: =Cr_FTC_4!O8/'Cr_FTC_4 (2)'!H8 -> 0.001243233 | J8: =D8*100 -> 0.4
B9: 0 | C9: 0 | D9: 0.005 | E9: -0.02253604 | F9: -0.002551566 | G9: =SUM(E9:F9) -> -0.025087606 | H9: =G9*$H$2 -> -0.012794679 | I9: =Cr_FTC_4!O9/'Cr_FTC_4 (2)'!H9 -> 0.0011651919 | J9: =D9*100 -> 0.5
B10: 0 | C10: 0 | D10: 0.006 | E10: -0.02285284 | F10: -0.002587441 | G10: =SUM(E10:F10) -> -0.025440281 | H10: =G10*$H$2 -> -0.012974543 | I10: =Cr_FTC_4!O10/'Cr_FTC_4 (2)'!H10 -> 0.0010949881 | J10: =D10*100 -> 0.6
B11: 0 | C11: 0 | D11: 0.007 | E11: -0.02314872 | F11: -0.002620948 | G11: =SUM(E11:F11) -> -0.025769668 | H11: =G11*$H$2 -> -0.013142531 | I11: =Cr_FTC_4!O11/'Cr_FTC_4 (2)'!H11 -> 0.0010353004 | J11: =D11*100 -> 0.7
B12: 0 | C12: 0 | D12: 0.008 | E12: -0.02342674 | F12: -0.002652433 | G12: =SUM(E12:F12) -> -0.026079173 | H12: =G12*$H$2 -> -0.013300378 | I12: =Cr_FTC_4!O12/'Cr_FTC_4 (2)'!H12 -> 0.00098612384 | J12: =D12*100 -> 0.8
B13: 0 | C13: 0 | D13: 0.009 | E13: -0.02368886 | F13: -0.002682117 | G13: =SUM(E13:F13) -> -0.026370977 | H13: =G13*$H$2 -> -0.013449198 | I13: =Cr_FTC_4!O13/'Cr_FTC_4 (2)'!H13 -> 0.0009467464 | J13: =D13*100 -> 0.9
B14: 0 | C14: 0 | D14: 0.01 | E14: -0.02393695 | F14: -0.002710214 | G14: =SUM(E14:F14) -> -0.026647164 | H14: =G14*$H$2 -> -0.013590054 | I14: =Cr_FTC_4!O14/'Cr_FTC_4 (2)'!H14 -> 0.0009162306 | J14: =D14*100 -> 1
B15: 0 | C15: 0 | D15: 0.011 | E15: -0.02417298 | F15: -0.002736944 | G15: =SUM(E15:F15) -> -0.026909924 | H15: =G15*$H$2 -> -0.013724061 | I15: =Cr_FTC_4!O15/'Cr_FTC_4 (2)'!H15 -> 0.00089355394 | J15: =D15*100 -> 1.1
... B34: 0 | C34: 0 | D34: 0.03 | E34: -0.02767774 | F34: -0.003133916 | G34: =SUM(E34:F34) -> -0.030811656 | H34: =G34*$H$2 -> -0.015713945 | I34: =Cr_FTC_4!O34/'Cr_FTC_4 (2)'!H34 -> 0.0011174074 | J34: =D34*100 -> 3

Sheet Cr_FTC_3 (2)
A1: title | B1: = | C1: dataset Cr_FTC
A2: variables | B2: = | C2: x | D2: y | E2: z | F2: 52cro4-fe+2c | G2: 53cro4-fe+2c | H2: 0.51
G3: Total Stage 2 | H3: Total Stage 2 (mol/L bulk/day) | I3: Ratio Stage 1/Stage 2
B4: 0 | C4: 0 | D4: 0 | E4: -0.03137538 | F4: -0.003552343 | G4: =SUM(E4:F4) -> -0.034927723 | H4: =G4*$H$2 -> -0.017813139 | I4: =Cr_FTC_3!O4/'Cr_FTC_3 (2)'!H4 -> 0.04417425 | J4: =D4*100 -> 0
B5: 0 | C5: 0 | D5: 0.001 | E5: -0.03962572 | F5: -0.004486471 | G5: =SUM(E5:F5) -> -0.044112191 | H5: =G5*$H$2 -> -0.022497217 | I5: =Cr_FTC_3!O5/'Cr_FTC_3 (2)'!H5 -> 0.052671967 | J5: =D5*100 -> 0.1
B6: 0 | C6: 0 | D6: 0.002 | E6: -0.04322834 | F6: -0.004894387 | G6: =SUM(E6:F6) -> -0.048122727 | H6: =G6*$H$2 -> -0.024542591 | I6: =Cr_FTC_3!O6/'Cr_FTC_3 (2)'!H6 -> 0.050959522 | J6: =D6*100 -> 0.2
B7: 0 | C7: 0 | D7: 0.003 | E7: -0.0452342 | F7: -0.00512152 | G7: =SUM(E7:F7) -> -0.05035572 | H7: =G7*$H$2 -> -0.025681417 | I7: =Cr_FTC_3!O7/'Cr_FTC_3 (2)'!H7 -> 0.048814662 | J7: =D7*100 -> 0.3
B8: 0 | C8: 0 | D8: 0.004 | E8: -0.04665249 | F8: -0.005282128 | G8: =SUM(E8:F8) -> -0.051934618 | H8: =G8*$H$2 -> -0.026486655 | I8: =Cr_FTC_3!O8/'Cr_FTC_3 (2)'!H8 -> 0.047214161 | J8: =D8*100 -> 0.4
B9: 0 | C9: 0 | D9: 0.005 | E9: -0.04784291 | F9: -0.005416938 | G9: =SUM(E9:F9) -> -0.053259848 | H9: =G9*$H$2 -> -0.027162522 | I9: =Cr_FTC_3!O9/'Cr_FTC_3 (2)'!H9 -> 0.046095502 | J9: =D9*100 -> 0.5
B10: 0 | C10: 0 | D10: 0.006 | E10: -0.04893951 | F10: -0.005541129 | G10: =SUM(E10:F10) -> -0.054480639 | H10: =G10*$H$2 -> -0.027785126 | I10: =Cr_FTC_3!O10/'Cr_FTC_3 (2)'!H10 -> 0.045352942 | J10: =D10*100 -> 0.6
B11: 0 | C11: 0 | D11: 0.007 | E11: -0.04999401 | F11: -0.005660554 | G11: =SUM(E11:F11) -> -0.055654564 | H11: =G11*$H$2 -> -0.028383828 | I11: =Cr_FTC_3!O11/'Cr_FTC_3 (2)'!H11 -> 0.044927721 | J11: =D11*100 -> 0.7
B12: 0 | C12: 0 | D12: 0.008 | E12: -0.05102697 | F12: -0.005777542 | G12: =SUM(E12:F12) -> -0.056804512 | H12: =G12*$H$2 -> -0.028970301 | I12: =Cr_FTC_3!O12/'Cr_FTC_3 (2)'!H12 -> 0.04479697 | J12: =D12*100 -> 0.8
B13: 0 | C13: 0 | D13: 0.009 | E13: -0.05204699 | F13: -0.005893068 | G13: =SUM(E13:F13) -> -0.057940058 | H13: =G13*$H$2 -> -0.02954943 | I13: =Cr_FTC_3!O13/'Cr_FTC_3 (2)'!H13 -> 0.044955944 | J13: =D13*100 -> 0.9
B14: 0 | C14: 0 | D14: 0.01 | E14: -0.05305833 | F14: -0.006007612 | G14: =SUM(E14:F14) -> -0.059065942 | H14: =G14*$H$2 -> -0.03012363 | I14: =Cr_FTC_3!O14/'Cr_FTC_3 (2)'!H14 -> 0.045405032 | J14: =D14*100 -> 1
B15: 0 | C15: 0 | D15: 0.011 | E15: -0.05406397 | F15: -0.006121514 | G15: =SUM(E15:F15) -> -0.060185484 | H15: =G15*$H$2 -> -0.030694597 | I15: =Cr_FTC_3!O15/'Cr_FTC_3 (2)'!H15 -> 0.046143864 | J15: =D15*100 -> 1.1
... B34: 0 | C34: 0 | D34: 0.03 | E34: -0.07339446 | F34: -0.008311305 | G34: =SUM(E34:F34) -> -0.081705765 | H34: =G34*$H$2 -> -0.04166994 | I34: =Cr_FTC_3!O34/'Cr_FTC_3 (2)'!H34 -> 0.11178372 | J34: =D34*100 -> 3

Sheet Cr_FTC_2 (2)
A1: title | B1: = | C1: dataset Cr_FTC
A2: variables | B2: = | C2: x | D2: y | E2: z | F2: 52cro4-fe+2c | G2: 53cro4-fe+2c | H2: 0.51
G3: Total Stage 2 | H3: Total Stage 2 (mol/L bulk/day) | I3: Ratio Stage 1/Stage 2
B4: 0 | C4: 0 | D4: 0 | E4: -0.04887781 | F4: -0.005534006 | G4: =SUM(E4:F4) -> -0.054411816 | H4: =G4*$H$2 -> -0.027750026 | I4: =Cr_FTC_2!O4/'Cr_FTC_2 (2)'!H4 -> 0.53013269 | J4: =D4*100 -> 0
B5: 0 | C5: 0 | D5: 0.001 | E5: -0.06391947 | F5: -0.007237097 | G5: =SUM(E5:F5) -> -0.071156567 | H5: =G5*$H$2 -> -0.036289849 | I5: =Cr_FTC_2!O5/'Cr_FTC_2 (2)'!H5 -> 0.46002845 | J5: =D5*100 -> 0.1
B6: 0 | C6: 0 | D6: 0.002 | E6: -0.07168175 | F6: -0.008116025 | G6: =SUM(E6:F6) -> -0.079797775 | H6: =G6*$H$2 -> -0.040696865 | I6: =Cr_FTC_2!O6/'Cr_FTC_2 (2)'!H6 -> 0.42463008 | J6: =D6*100 -> 0.2
B7: 0 | C7: 0 | D7: 0.003 | E7: -0.07659908 | F7: -0.008672856 | G7: =SUM(E7:F7) -> -0.085271936 | H7: =G7*$H$2 -> -0.043488687 | I7: =Cr_FTC_2!O7/'Cr_FTC_2 (2)'!H7 -> 0.41225914 | J7: =D7*100 -> 0.3
B8: 0 | C8: 0 | D8: 0.004 | E8: -0.08034395 | F8: -0.009096949 | G8: =SUM(E8:F8) -> -0.089440899 | H8: =G8*$H$2 -> -0.045614858 | I8: =Cr_FTC_2!O8/'Cr_FTC_2 (2)'!H8 -> 0.41168842 | J8: =D8*100 -> 0.4
B9: 0 | C9: 0 | D9: 0.005 | E9: -0.08359537 | F9: -0.009465181 | G9: =SUM(E9:F9) -> -0.093060551 | H9: =G9*$H$2 -> -0.047460881 | I9: =Cr_FTC_2!O9/'Cr_FTC_2 (2)'!H9 -> 0.41784068 | J9: =D9*100 -> 0.5
B10: 0 | C10: 0 | D10: 0.006 | E10: -0.08664083 | F10: -0.009810106 | G10: =SUM(E10:F10) -> -0.096450936 | H10: =G10*$H$2 -> -0.049189977 | I10: =Cr_FTC_2!O10/'Cr_FTC_2 (2)'!H10 -> 0.42860396 | J10: =D10*100 -> 0.6
B11: 0 | C11: 0 | D11: 0.007 | E11: -0.08960197 | F11: -0.01014549 | G11: =SUM(E11:F11) -> -0.09974746 | H11: =G11*$H$2 -> -0.050871205 | I11: =Cr_FTC_2!O11/'Cr_FTC_2 (2)'!H11 -> 0.4432186 | J11: =D11*100 -> 0.7
B12: 0 | C12: 0 | D12: 0.008 | E12: -0.09252415 | F12: -0.01047648 | G12: =SUM(E12:F12) -> -0.10300063 | H12: =G12*$H$2 -> -0.052530321 | I12: =Cr_FTC_2!O12/'Cr_FTC_2 (2)'!H12 -> 0.46159002 | J12: =D12*100 -> 0.8
B13: 0 | C13: 0 | D13: 0.009 | E13: -0.09541343 | F13: -0.01080376 | G13: =SUM(E13:F13) -> -0.10621719 | H13: =G13*$H$2 -> -0.054170767 | I13: =Cr_FTC_2!O13/'Cr_FTC_2 (2)'!H13 -> 0.48397609 | J13: =D13*100 -> 0.9
B14: 0 | C14: 0 | D14: 0.01 | E14: -0.09825154 | F14: -0.01112525 | G14: =SUM(E14:F14) -> -0.10937679 | H14: =G14*$H$2 -> -0.055782163 | I14: =Cr_FTC_2!O14/'Cr_FTC_2 (2)'!H14 -> 0.51084645 | J14: =D14*100 -> 1
B15: 0 | C15: 0 | D15: 0.011 | E15: -0.1010012 | F15: -0.01143674 | G15: =SUM(E15:F15) -> -0.11243794 | H15: =G15*$H$2 -> -0.057343349 | I15: =Cr_FTC_2!O15/'Cr_FTC_2 (2)'!H15 -> 0.54283577 | J15: =D15*100 -> 1.1
... B34: 0 | C34: 0 | D34: 0.03 | E34: -0.04859183 | F34: -0.005503522 | G34: =SUM(E34:F34) -> -0.054095352 | H34: =G34*$H$2 -> -0.02758863 | I34: =Cr_FTC_2!O34/'Cr_FTC_2 (2)'!H34 -> 7.0217747 | J34: =D34*100 -> 3

Sheet Cr_FTC_1 (2)
A1: title | B1: = | C1: dataset Cr_FTC
A2: variables | B2: = | C2: x | D2: y | E2: z | F2: 52cro4-fe+2c | G2: 53cro4-fe+2c | H2: 0.51
G3: Total Stage 2 | H3: Total Stage 2 (mol/L bulk/day) | I3: Ratio Stage 1/Stage 2
B4: 0 | C4: 0 | D4: 0 | E4: -0.1173171 | F4: -0.01328302 | G4: =SUM(E4:F4) -> -0.13060012 | H4: =G4*$H$2 -> -0.066606061 | I4: =Cr_FTC_1!O4/'Cr_FTC_1 (2)'!H4 -> 7.2075445 | J4: =D4*100 -> 0
B5: 0 | C5: 0 | D5: 0.001 | E5: -0.1141205 | F5: -0.01292133 | G5: =SUM(E5:F5) -> -0.12704183 | H5: =G5*$H$2 -> -0.064791333 | I5: =Cr_FTC_1!O5/'Cr_FTC_1 (2)'!H5 -> 7.6878168 | J5: =D5*100 -> 0.1
B6: 0 | C6: 0 | D6: 0.002 | E6: -0.09183231 | F6: -0.01039792 | G6: =SUM(E6:F6) -> -0.10223023 | H6: =G6*$H$2 -> -0.052137417 | I6: =Cr_FTC_1!O6/'Cr_FTC_1 (2)'!H6 -> 9.9537123 | J6: =D6*100 -> 0.2
B7: 0 | C7: 0 | D7: 0.003 | E7: -0.07057765 | F7: -0.007991445 | G7: =SUM(E7:F7) -> -0.078569095 | H7: =G7*$H$2 -> -0.040070238 | I7: =Cr_FTC_1!O7/'Cr_FTC_1 (2)'!H7 -> 13.361495 | J7: =D7*100 -> 0.3
B8: 0 | C8: 0 | D8: 0.004 | E8: -0.05316717 | F8: -0.006020167 | G8: =SUM(E8:F8) -> -0.059187337 | H8: =G8*$H$2 -> -0.030185542 | I8: =Cr_FTC_1!O8/'Cr_FTC_1 (2)'!H8 -> 18.108492 | J8: =D8*100 -> 0.4
B9: 0 | C9: 0 | D9: 0.005 | E9: -0.03944196 | F9: -0.004466117 | G9: =SUM(E9:F9) -> -0.043908077 | H9: =G9*$H$2 -> -0.022393119 | I9: =Cr_FTC_1!O9/'Cr_FTC_1 (2)'!H9 -> 24.679671 | J9: =D9*100 -> 0.5
B10: 0 | C10: 0 | D10: 0.006 | E10: -0.02887602 | F10: -0.003269758 | G10: =SUM(E10:F10) -> -0.032145778 | H10: =G10*$H$2 -> -0.016394347 | I10: =Cr_FTC_1!O10/'Cr_FTC_1 (2)'!H10 -> 33.772398 | J10: =D10*100 -> 0.6
B11: 0 | C11: 0 | D11: 0.007 | E11: -0.02093052 | F11: -0.00237009 | G11: =SUM(E11:F11) -> -0.02330061 | H11: =G11*$H$2 -> -0.011883311 | I11: =Cr_FTC_1!O11/'Cr_FTC_1 (2)'!H11 -> 46.274222 | J11: =D11*100 -> 0.7
B12: 0 | C12: 0 | D12: 0.008 | E12: -0.01509192 | F12: -0.001708975 | G12: =SUM(E12:F12) -> -0.016800895 | H12: =G12*$H$2 -> -0.0085684564 | I12: =Cr_FTC_1!O12/'Cr_FTC_1 (2)'!H12 -> 63.204439 | J12: =D12*100 -> 0.8
B13: 0 | C13: 0 | D13: 0.009 | E13: -0.01088865 | F13: -0.001233025 | G13: =SUM(E13:F13) -> -0.012121675 | H13: =G13*$H$2 -> -0.0061820543 | I13: =Cr_FTC_1!O13/'Cr_FTC_1 (2)'!H13 -> 85.574833 | J13: =D13*100 -> 0.9
B14: 0 | C14: 0 | D14: 0.01 | E14: -0.007911483 | F14: -0.0008959065 | G14: =SUM(E14:F14) -> -0.0088073895 | H14: =G14*$H$2 -> -0.0044917686 | I14: =Cr_FTC_1!O14/'Cr_FTC_1 (2)'!H14 -> 114.14146 | J14: =D14*100 -> 1
B15: 0 | C15: 0 | D15: 0.011 | E15: -0.005827847 | F15: -0.0006599633 | G15: =SUM(E15:F15) -> -0.0064878103 | H15: =G15*$H$2 -> -0.0033087833 | I15: =Cr_FTC_1!O15/'Cr_FTC_1 (2)'!H15 -> 149.02102 | J15: =D15*100 -> 1.1
... B34: 0 | C34: 0 | D34: 0.03 | E34: -0.0009682409 | F34: -0.0001096833 | G34: =SUM(E34:F34) -> -0.0010779242 | H34: =G34*$H$2 -> -0.00054974134 | I34: =Cr_FTC_1!O34/'Cr_FTC_1 (2)'!H34 -> 202.58154 | J34: =D34*100 -> 3

Sheet Cr_FTC_4
A1: title | B1: = | C1: dataset Cr_FTC
A2: variables | B2: x | C2: y | D2: z | E2: fe_0_h2o_4_1 | F2: 52fe_0_cr_d2_1 | G2: 53fe_0_cr_d2_1 | H2: 52cr(oh)3(a)_1 | I2: 53cr(oh)3(a)_1 | J2: fe(oh)2(s)_1 | K2: aragonite_1 | L2: fe2(oh)2co3_1 | M2: ferrihydrite_1
A3: zone | B3: t | C3: = | D3: Diss.-prec. rates, T = 2.500E+01 hours | E3: i | F3: = | G3: 31 | H3: j | I3: = | J3: 1 | K3: k | L3: = | M3: 1 | N3: f=point | O3: Total Stage 1
B4: 0 | C4: 0 | D4: 0 | E4: -0.05240325 | F4: -2.99899e-06 | G4: -3.399886e-07 | H4: 0.008148282 | I4: 0.000924126 | J4: 0 | K4: 0.222326 | L4: -0.0006826338 | M4: 0.02702812 | O4: =SUM(F4:G4) -> -3.3389786e-06
B5: 0 | C5: 0 | D5: 0.001 | E5: -0.03923703 | F5: -1.150487e-05 | G5: -1.304283e-06 | H5: 0.01018656 | I5: 0.001153383 | J5: 0 | K5: 0.1698876 | L5: -0.0006736509 | M5: 0.03384338 | O5: =SUM(F5:G5) -> -1.2809153e-05
B6: 0 | C6: 0 | D6: 0.002 | E6: -0.0367826 | F6: -1.443708e-05 | G6: -1.636706e-06 | H6: 0.01081336 | I6: 0.0012243 | J6: 0 | K6: 0.1338763 | L6: -0.0006991309 | M6: 0.03604304 | O6: =SUM(F6:G6) -> -1.6073786e-05
B7: 0 | C7: 0 | D7: 0.003 | E7: -0.036523 | F7: -1.462158e-05 | G7: -1.657626e-06 | H7: 0.01111626 | I7: 0.001258596 | J7: 0 | K7: 0.1085274 | L7: -0.000721673 | M7: 0.03708012 | O7: =SUM(F7:G7) -> -1.6279206e-05
B8: 0 | C8: 0 | D8: 0.004 | E8: -0.03684065 | F8: -1.406744e-05 | G8: -1.594808e-06 | H8: 0.01132458 | I8: 0.001282186 | J8: 0 | K8: 0.0901454 | L8: -0.000737639 | M8: 0.03778314 | O8: =SUM(F8:G8) -> -1.5662248e-05
B9: 0 | C9: 0 | D9: 0.005 | E9: -0.03730467 | F9: -1.339022e-05 | G9: -1.518036e-06 | H9: 0.01150107 | I9: 0.001302171 | J9: 0 | K9: 0.07645706 | L9: -0.0007485394 | M9: 0.03837517 | O9: =SUM(F9:G9) -> -1.4908256e-05
B10: 0 | C10: 0 | D10: 0.006 | E10: -0.03778933 | F10: -1.276034e-05 | G10: -1.446631e-06 | H10: 0.01166243 | I10: 0.001320444 | J10: 0 | K10: 0.06603894 | L10: -0.0007559695 | M10: 0.03891548 | O10: =SUM(F10:G10) -> -1.4206971e-05
B11: 0 | C11: 0 | D11: 0.007 | E11: -0.03825931 | F11: -1.222098e-05 | G11: -1.385487e-06 | H11: 0.01181315 | I11: 0.001337511 | J11: 0 | K11: 0.05797076 | L11: -0.000761027 | M11: 0.03941992 | O11: =SUM(F11:G11) -> -1.3606467e-05
B12: 0 | C12: 0 | D12: 0.008 | E12: -0.03870656 | F12: -1.178029e-05 | G12: -1.33553e-06 | H12: 0.01195479 | I12: 0.001353551 | J12: 0 | K12: 0.05163686 | L12: -0.0007644177 | M12: 0.0398939 | O12: =SUM(F12:G12) -> -1.311582e-05
B13: 0 | C13: 0 | D13: 0.009 | E13: -0.03913113 | F13: -1.143643e-05 | G13: -1.29655e-06 | H13: 0.01208836 | I13: 0.001368677 | J13: 0 | K13: 0.04661193 | L13: -0.0007665972 | M13: 0.04034079 | O13: =SUM(F13:G13) -> -1.273298e-05
B14: 0 | C14: 0 | D14: 0.01 | E14: -0.03953539 | F14: -1.118372e-05 | G14: -1.267903e-06 | H14: 0.01221482 | I14: 0.001382999 | J14: 0 | K14: 0.04259366 | L14: -0.0007678665 | M14: 0.04076378 | O14: =SUM(F14:G14) -> -1.2451623e-05
B15: 0 | C15: 0 | D15: 0.011 | E15: -0.03992241 | F15: -1.101447e-05 | G15: -1.248719e-06 | H15: 0.01233516 | I15: 0.001396629 | J15: 0 | K15: 0.03936174 | L15: -0.0007684294 | M15: 0.04116618 | O15: =SUM(F15:G15) -> -1.2263189e-05
... B34: 0 | C34: 0 | D34: 0.03 | E34: -0.04593769 | F34: -1.577084e-05 | G34: -1.788038e-06 | H34: 0.01412618 | I34: 0.001599491 | J34: 0 | K34: 0.02698681 | L34: -0.0007286951 | M34: 0.04713736 | O34: =SUM(F34:G34) -> -1.7558878e-05

Sheet Cr_FTC_3
A1: title | B1: = | C1: dataset Cr_FTC
A2: variables | B2: = | C2: x | D2: y | E2: z | F2: fe_0_h2o_4_1 | G2: 52fe_0_cr_d2_1 | H2: 53fe_0_cr_d2_1 | I2: 52cr(oh)3(a)_1 | J2: 53cr(oh)3(a)_1 | K2: fe(oh)2(s)_1 | L2: aragonite_1 | M2: fe2(oh)2co3_1 | N2: ferrihydrite_1
A3: zone | B3: t | C3: = | D3: Diss.-prec. rates, T = 1.000E+01 hours | E3: i | F3: = | G3: 31 | H3: j | I3: = | J3: 1 | K3: k | L3: = | M3: 1 | N3: f=point | O3: Total Stage 1
B4: 0 | C4: 0 | D4: 0 | E4: -0.09729876 | F4: -0.0007067582 | G4: -8.012384e-05 | H4: 0.01621215 | I4: 0.001837244 | J4: 0 | K4: 0.2385327 | L4: -0.0001189263 | M4: 0.05198172 | O4: =SUM(F4:G4) -> -0.00078688204
B5: 0 | C5: 0 | D5: 0.001 | E5: -0.08104354 | F5: -0.001064313 | G5: -0.0001206597 | H5: 0.02091175 | I5: 0.002367788 | J5: 0 | K5: 0.1894679 | L5: 3.088022e-05 | M5: 0.06713774 | O5: =SUM(F5:G5) -> -0.0011849727
B6: 0 | C6: 0 | D6: 0.002 | E6: -0.07829608 | F6: -0.001123328 | G6: -0.0001273507 | H6: 0.02279278 | I6: 0.002580749 | J6: 0 | K6: 0.154716 | L6: -1.153248e-05 | M6: 0.0734966 | O6: =SUM(F6:G6) -> -0.0012506787
B7: 0 | C7: 0 | D7: 0.003 | E7: -0.07863206 | F7: -0.001125978 | G7: -0.0001276517 | H7: 0.02381902 | I7: 0.002696954 | J7: 0 | K7: 0.1300535 | L7: -7.48763e-05 | M7: 0.07698188 | O7: =SUM(F7:G7) -> -0.0012536297
B8: 0 | C8: 0 | D8: 0.004 | E8: -0.07988831 | F8: -0.001123207 | G8: -0.0001273382 | H8: 0.0245412 | I8: 0.002778735 | J8: 0 | K8: 0.1122689 | L8: -0.0001225635 | M8: 0.07942144 | O8: =SUM(F8:G8) -> -0.0012505452
B9: 0 | C9: 0 | D9: 0.005 | E9: -0.08145574 | F9: -0.001124576 | G9: -0.0001274941 | H9: 0.02514964 | I9: 0.002847639 | J9: 0 | K9: 0.09923366 | L9: -0.0001512364 | M9: 0.08145775 | O9: =SUM(F9:G9) -> -0.0012520701
B10: 0 | C10: 0 | D10: 0.006 | E10: -0.08313576 | F10: -0.001131821 | G10: -0.0001283162 | H10: 0.02571403 | I10: 0.002911557 | J10: 0 | K10: 0.08955808 | L10: -0.0001638124 | M10: 0.08332889 | O10: =SUM(F10:G10) -> -0.0012601372
B11: 0 | C11: 0 | D11: 0.007 | E11: -0.08485776 | F11: -0.001145368 | G11: -0.0001298527 | H11: 0.02626108 | I11: 0.002973514 | J11: 0 | K11: 0.08232032 | L11: -0.0001634668 | M11: 0.08512636 | O11: =SUM(F11:G11) -> -0.0012752207
B12: 0 | C12: 0 | D12: 0.008 | E12: -0.08659414 | F12: -0.001165631 | G12: -0.0001321507 | H12: 0.0268016 | I12: 0.003034733 | J12: 0 | K12: 0.07689338 | L12: -0.0001525836 | M12: 0.08688643 | O12: =SUM(F12:G12) -> -0.0012977817
B13: 0 | C13: 0 | D13: 0.009 | E13: -0.08833332 | F13: -0.001193151 | G13: -0.0001352715 | H13: 0.02734033 | I13: 0.003095752 | J13: 0 | K13: 0.07283941 | L13: -0.0001327721 | M13: 0.0886242 | O13: =SUM(F13:G13) -> -0.0013284225
B14: 0 | C14: 0 | D14: 0.01 | E14: -0.09007129 | F14: -0.001228486 | G14: -0.0001392784 | H14: 0.02787984 | I14: 0.003156859 | J14: 0 | K14: 0.06984517 | L14: -0.0001050439 | M14: 0.09034708 | O14: =SUM(F14:G14) -> -0.0013677644
B15: 0 | C15: 0 | D15: 0.011 | E15: -0.09180864 | F15: -0.001272139 | G15: -0.0001442283 | H15: 0.02842198 | I15: 0.003218267 | J15: 0 | K15: 0.06768171 | L15: -6.996748e-05 | M15: 0.09206021 | O15: =SUM(F15:G15) -> -0.0014163673
... B34: 0 | C34: 0 | D34: 0.03 | E34: -0.1270243 | F34: -0.004183642 | G34: -0.000474379 | H34: 0.04022697 | I34: 0.004555777 | J34: 0 | K34: 0.08016678 | L34: 0.002343703 | M34: 0.1249786 | O34: =SUM(F34:G34) -> -0.004658021

Sheet Cr_FTC_2
A1: title | B1: = | C1: dataset Cr_FTC
A2: variables | B2: = | C2: x | D2: y | E2: z | F2: fe_0_h2o_4_1 | G2: 52fe_0_cr_d2_1 | H2: 53fe_0_cr_d2_1 | I2: 52cr(oh)3(a)_1 | J2: 53cr(oh)3(a)_1 | K2: fe(oh)2(s)_1 | L2: aragonite_1 | M2: fe2(oh)2co3_1 | N2: ferrihydrite_1
A3: zone | B3: t | C3: = | D3: Diss.-prec. rates, T = 5.000E+00 hours | E3: i | F3: = | G3: 31 | H3: j | I3: = | J3: 1 | K3: k | L3: = | M3: 1 | N3: f=point | O3: Total Stage 1
B4: 0 | C4: 0 | D4: 0 | E4: -0.1352939 | F4: -0.01321323 | G4: -0.001497966 | H4: 0.03348148 | I4: 0.003793758 | J4: 0 | K4: 0.2653886 | L4: 0.001346382 | M4: 0.08134893 | O4: =SUM(F4:G4) -> -0.014711196
B5: 0 | C5: 0 | D5: 0.001 | E5: -0.1221567 | F5: -0.01499445 | G5: -0.001699913 | H5: 0.04260907 | I5: 0.004825783 | J5: 0 | K5: 0.2249076 | L5: 0.002292479 | M5: 0.1082699 | O5: =SUM(F5:G5) -> -0.016694363
B6: 0 | C6: 0 | D6: 0.002 | E6: -0.1222364 | F6: -0.01552144 | G6: -0.001759673 | H6: 0.04692757 | I6: 0.005314811 | J6: 0 | K6: 0.1953205 | L6: 0.002608139 | M6: 0.1218229 | O6: =SUM(F6:G6) -> -0.017281113
B7: 0 | C7: 0 | D7: 0.003 | E7: -0.1252352 | F7: -0.01610299 | G7: -0.001825619 | H7: 0.04982703 | I7: 0.005643204 | J7: 0 | K7: 0.1745725 | L7: 0.002774988 | M7: 0.1303184 | O7: =SUM(F7:G7) -> -0.017928609
B8: 0 | C8: 0 | D8: 0.004 | E8: -0.1291041 | F8: -0.01686687 | G8: -0.001912239 | H8: 0.05224925 | I8: 0.005917587 | J8: 0 | K8: 0.1603909 | L8: 0.002968663 | M8: 0.1367445 | O8: =SUM(F8:G8) -> -0.018779109
B9: 0 | C9: 0 | D9: 0.005 | E9: -0.1333271 | F9: -0.01781171 | G9: -0.002019377 | H9: 0.0545404 | I9: 0.006177154 | J9: 0 | K9: 0.1510539 | L9: 0.003250936 | M9: 0.1423019 | O9: =SUM(F9:G9) -> -0.019831087
B10: 0 | C10: 0 | D10: 0.006 | E10: -0.1377578 | F10: -0.01893614 | G10: -0.002146879 | H10: 0.05684646 | I10: 0.006438436 | J10: 0 | K10: 0.1453576 | L10: 0.003650918 | M10: 0.1474968 | O10: =SUM(F10:G10) -> -0.021083019
B11: 0 | C11: 0 | D11: 0.007 | E11: -0.1423511 | F11: -0.02025108 | G11: -0.002295984 | H11: 0.05923688 | I11: 0.006709298 | J11: 0 | K11: 0.1424757 | L11: 0.004192539 | M11: 0.1525431 | O11: =SUM(F11:G11) -> -0.022547064
B12: 0 | C12: 0 | D12: 0.008 | E12: -0.1470901 | F12: -0.02177831 | G12: -0.002469162 | H12: 0.06174944 | I12: 0.006994018 | J12: 0 | K12: 0.1418402 | L12: 0.004904288 | M12: 0.1575208 | O12: =SUM(F12:G12) -> -0.024247472
B13: 0 | C13: 0 | D13: 0.009 | E13: -0.1519664 | F13: -0.02354757 | G13: -0.002669786 | H13: 0.06440716 | I13: 0.007295207 | J13: 0 | K13: 0.1430597 | L13: 0.005823675 | M13: 0.1624415 | O13: =SUM(F13:G13) -> -0.026217356
B14: 0 | C14: 0 | D14: 0.01 | E14: -0.1569769 | F14: -0.02559425 | G14: -0.00290187 | H14: 0.06722444 | I14: 0.007614502 | J14: 0 | K14: 0.145864 | L14: 0.007000385 | M14: 0.1672749 | O14: =SUM(F14:G14) -> -0.02849612
B15: 0 | C15: 0 | D15: 0.011 | E15: -0.1621226 | F15: -0.0279581 | G15: -0.003169921 | H15: 0.07020885 | I15: 0.007952764 | J15: 0 | K15: 0.1500677 | L15: 0.008499337 | M15: 0.1719577 | O15: =SUM(F15:G15) -> -0.031128021
... B34: 0 | C34: 0 | D34: 0.03 | E34: -0.2564233 | F34: -0.1739894 | G34: -0.01973174 | H34: 0.1411574 | I34: 0.01600468 | J34: -0.0001697376 | K34: 0.3850853 | L34: 0.1889249 | M34: 0.0828909 | O34: =SUM(F34:G34) -> -0.19372114

Sheet Cr_FTC_1
A1: title | B1: = | C1: dataset Cr_FTC
A2: variables | B2: = | C2: x | D2: y | E2: z | F2: fe_0_h2o_4_1 | G2: 52fe_0_cr_d2_1 | H2: 53fe_0_cr_d2_1 | I2: 52cr(oh)3(a)_1 | J2: 53cr(oh)3(a)_1 | K2: fe(oh)2(s)_1 | L2: aragonite_1 | M2: fe2(oh)2co3_1 | N2: ferrihydrite_1
A3: zone | B3: t | C3: = | D3: Diss.-prec. rates, T = 1.000E+00 hours | E3: i | F3: = | G3: 31 | H3: j | I3: = | J3: 1 | K3: k | L3: = | M3: 1 | N3: f=point | O3: Total Stage 1
B4: 0 | C4: 0 | D4: 0 | E4: -0.228234 | F4: -0.4311827 | G4: -0.04888345 | H4: 0.3487405 | I4: 0.03952981 | J4: 0 | K4: 0.6994601 | L4: 0.1262891 | M4: 0.1936168 | O4: =SUM(F4:G4) -> -0.48006615
B5: 0 | C5: 0 | D5: 0.001 | E5: -0.233382 | F5: -0.4473829 | G5: -0.050721 | H5: 0.3586876 | I5: 0.04065681 | J5: 0 | K5: 0.8206669 | L5: 0.2541468 | M5: 0.1933029 | O5: =SUM(F5:G5) -> -0.4981039
B6: 0 | C6: 0 | D6: 0.002 | E6: -0.2418636 | F6: -0.4661152 | G6: -0.05284565 | H6: 0.3598163 | I6: 0.04078715 | J6: 0 | K6: 0.8908716 | L6: 0.3134935 | M6: 0.1567362 | O6: =SUM(F6:G6) -> -0.51896085
B7: 0 | C7: 0 | D7: 0.003 | E7: -0.2487131 | F7: -0.480878 | G7: -0.05452028 | H7: 0.3587715 | I7: 0.04067096 | J7: 0 | K7: 0.9355932 | L7: 0.3460738 | M7: 0.1207166 | O7: =SUM(F7:G7) -> -0.53539828
B8: 0 | C8: 0 | D8: 0.004 | E8: -0.2541035 | F8: -0.4909514 | G8: -0.05566324 | H8: 0.3565271 | I8: 0.04041844 | J8: 0 | K8: 0.9597026 | L8: 0.3679935 | M8: 0.09100537 | O8: =SUM(F8:G8) -> -0.54661464
B9: 0 | C9: 0 | D9: 0.005 | E9: -0.2584676 | F9: -0.4963757 | G9: -0.05627912 | H9: 0.3530392 | I9: 0.04002464 | J9: 0 | K9: 0.9633662 | L9: 0.3831877 | M9: 0.06753859 | O9: =SUM(F9:G9) -> -0.55265482
B10: 0 | C10: 0 | D10: 0.006 | E10: -0.2620934 | F10: -0.4972925 | G10: -0.05638391 | H10: 0.34814 | I10: 0.03947056 | J10: 0 | K10: 0.9450068 | L10: 0.3928398 | M10: 0.04945219 | O10: =SUM(F10:G10) -> -0.55367641
B11: 0 | C11: 0 | D11: 0.007 | E11: -0.2651542 | F11: -0.4938918 | G11: -0.05599918 | H11: 0.3416859 | I11: 0.03873997 | J11: 0 | K11: 0.9023407 | L11: 0.3976654 | M11: 0.03583029 | O11: =SUM(F11:G11) -> -0.54989098
B12: 0 | C12: 0 | D12: 0.008 | E12: -0.2677467 | F12: -0.4864125 | G12: -0.05515198 | H12: 0.3335783 | I12: 0.03782171 | J12: 0 | K12: 0.8339905 | L12: 0.3983157 | M12: 0.02579564 | O12: =SUM(F12:G12) -> -0.54156448
B13: 0 | C13: 0 | D13: 0.009 | E13: -0.2699203 | F13: -0.4751522 | G13: -0.05387606 | H13: 0.3237784 | I13: 0.03671143 | J13: 0 | K13: 0.7417104 | L13: 0.3954217 | M13: 0.0185414 | O13: =SUM(F13:G13) -> -0.52902826
B14: 0 | C14: 0 | D14: 0.01 | E14: -0.2717045 | F14: -0.4604834 | G14: -0.05221363 | H14: 0.3123295 | I14: 0.03541404 | J14: 0 | K14: 0.6319093 | L14: 0.3895824 | M14: 0.01336595 | O14: =SUM(F14:G14) -> -0.51269703
B15: 0 | C15: 0 | D15: 0.011 | E15: -0.2731275 | F15: -0.4428619 | G15: -0.05021634 | H15: 0.2993693 | I15: 0.0339452 | J15: 0 | K15: 0.5149086 | L15: 0.3813536 | M15: 0.009697444 | O15: =SUM(F15:G15) -> -0.49307824
... B34: 0 | C34: 0 | D34: 0.03 | E34: -0.2769641 | F34: -0.1000221 | G34: -0.01134535 | H34: 0.06724489 | I34: 0.007627408 | J34: 2.05971e-05 | K34: 0 | L34: 0.192871 | M34: 0.00072379 | O34: =SUM(F34:G34) -> -0.11136745
